\Viagra// Silagra \\Viagra// Silagra \\Viagra// Silagra \\Viagra// Silagra \\Viagra// Silagra \\Viagra// Silagra \\Amoxicillin// Amoxil \\Amoxicillin// Amoxil \\Amoxicillin// Amoxil \\Amoxicillin// Amoxil \\Amoxicillin// Amoxil \\Amoxicillin// Amoxil \\Amoxicillin// Amoxil \\Amoxicillin// Amoxil \\Amoxicillin// Amoxil \\Amoxicillin// Amoxil \\Propecia// finasteride\\Propecia// finasteride\\Propecia// finasteride\\Propecia// finasteride\\Propecia// finasteride\\Propecia// Finpecia \\Propecia// Finpecia \\Propecia// Finpecia \\Propecia// Finpecia \\Propecia// Finpecia \\Propecia// Finpecia \\Celebrex// Cobix \\Celebrex// Cobix \\Celebrex// Cobix \\Celebrex// Cobix \\Celebrex// Cobix \\Desyrel// Trazodone\\Desyrel// Trazodone\\Desyrel// Trazodone\\Glucophage// metformin\\Glucophage// metformin\\Glucophage// metformin\\Glucophage// metformin\\Chantix// Champix\\Chantix// Champix\\Chantix// Champix\\Chantix// Champix\\Prozac// fluoxetine\\Prozac// fluoxetine\\Prozac// fluoxetine\\Prozac// fluoxetine\\Prozac// fluoxetine\\Indometacin// Indocin \\Indometacin// Indocin \\Indometacin// Indocin \\Indometacin// Indocin \\Indometacin// Indocin \\Indometacin// Indocin \\Indometacin// Indocin \\Indometacin// Indocin \\Diclofenac// Voltaren \\Diclofenac// Voltaren \\Diclofenac// Voltaren \\Tizanidine// Zanaflex \\Tizanidine// Zanaflex \\Tizanidine// Zanaflex \\Tizanidine// Zanaflex \\Tizanidine// Zanaflex \\Tizanidine// Zanaflex \\Cephalexin// Keflex \\Cephalexin// Keflex \\Cephalexin// Keflex \\Cephalexin// Keflex \\Cephalexin// Keflex \\Cephalexin// Keflex \\Cephalexin// Keflex \\Cephalexin// Keflex \\Vibramycin// Doxycycline\\Vibramycin// Doxycycline\\Vibramycin// Doxycycline\\Vibramycin// Doxycycline\\Vibramycin// Doxycycline\\Erythromycin// Ilosone \\Erythromycin// Ilosone \\Erythromycin// Ilosone \\Wellbutrin SR// Zyban \\Wellbutrin SR// Zyban \\Wellbutrin SR// Zyban \\Wellbutrin SR// Zyban \\Buspar// Buspin \\Buspar// Buspin \\Buspar// Buspin \\Buspar// Buspin \\Buspar// Buspin \\Buspar// Buspin \\Atenolol// Tenormin \\Atenolol// Tenormin \\Atenolol// Tenormin \\Atenolol// Tenormin \\Atenolol// Tenormin \\Atenolol// Tenormin \\Atenolol// Tenormin \\Atenolol// Tenormin \\Hydrochlorothiazide// Microzide \\Hydrochlorothiazide// Microzide \\Hydrochlorothiazide// Microzide \\Prednisone// Deltasone \\Prednisone// Deltasone \\Prednisone// Deltasone \\Prednisone// Deltasone \\Prednisone// Deltasone \\Prednisone// Deltasone \\Prednisone// Deltasone \\Prednisone// Deltasone \\Prednisone// Deltasone \\Prednisone// Deltasone \\Prednisone// Deltasone \\Prednisone// Deltasone \\Prednisone// Deltasone \\Prednisone// Deltasone \\Prednisone// Deltasone \\Prednisone// Deltasone \\Prednisone// Deltasone \\Methotrexate// Rheumatrex \\Methotrexate// Rheumatrex \\Methotrexate// Rheumatrex \\Allopurinol// Zyloprim \\Allopurinol// Zyloprim \\Allopurinol// Zyloprim \\Allopurinol// Zyloprim \\Dexamethasone// Decadron \\Dexamethasone// Decadron \\Dexamethasone// Decadron \\Selegiline// Eldepryl\\Selegiline// Eldepryl\\Selegiline// Eldepryl\\Selegiline// Eldepryl\\Zyban// Wellbutrin\\Zyban// Wellbutrin\\Zyban// Wellbutrin\\Vytorin// Simvastatin\\Vytorin// Simvastatin\\Vytorin// Simvastatin\\Vytorin// Simvastatin\\Vytorin// Ezetimibe \\Vytorin// Ezetimibe \\Vytorin// Ezetimibe \\Vytorin// Ezetimibe \\Exermet GM// glimepiride \\Exermet GM// glimepiride \\Exermet GM// glimepiride \\Exermet GM// glimepiride \\Exermet GM// glimepiride \\Exermet GM// glimepiride \\Exermet GM// glimepiride \\Exermet GM// glimepiride \\Exermet GM// glimepiride \\Atarax// Hydroxyzine\\Atarax// Hydroxyzine\\Atarax// Hydroxyzine\\Seroquel// quetiapine\\Seroquel// quetiapine\\Seroquel// quetiapine\\Seroquel// quetiapine\\Seroquel// quetiapine\\Seroquel// quetiapine\\Seroquel// quetiapine\\Seroquel// quetiapine\\Seroquel// quetiapine\